{
  "type": "BaggedRidge",
  "n": 112,
  "d": 16,
  "coefficients": [
    [
      0.09663705124105043,
      0.004358485324107496,
      -0.6104073676341037,
      0.3779375202905078,
      -0.015879061139016055,
      -0.5451763047061046,
      0.47608144143064673,
      0.09497417636033138,
      -0.021763875248339854,
      -0.264958150048785,
      0.2725668255178175,
      0.002748903160297181,
      -0.30225125141308157,
      -0.12237306643220858,
      -0.06158192863733196,
      0.08138376661174078
    ],
    [
      -0.007609717107048033,
      -0.00994336072802762,
      0.29190020181598,
      0.358126022103901,
      0.3379895973597263,
      -0.07572547363336046,
      0.6543731632342777,
      0.07239083348882328,
      0.00462899517724537,
      -0.010722872568761553,
      0.22834663703193253,
      0.0011620904790335788,
      -0.28140131926217543,
      -0.09199783109934502,
      0.1472779355427879,
      -0.026718336194010723
    ],
    [
      0.0062544696483852694,
      0.021893428100583548,
      -0.08092606236966526,
      0.27963354870245677,
      -0.17146941991645165,
      -0.41001123011622886,
      0.42884780023816205,
      -0.11649895003935831,
      0.007586710032697493,
      -0.07844169144229364,
      0.017933411962997574,
      6.370913617705572e-06,
      -0.17097437695358803,
      0.002474535875230053,
      0.056577420886473745,
      -0.049324443035214355
    ],
    [
      -0.03409602933574485,
      0.022547042531801526,
      0.035596193811945336,
      0.3412176145810264,
      -0.11820938322736779,
      -0.4225824348690332,
      0.2299159798500694,
      -0.13755620880541508,
      0.0008135564100552819,
      0.19007621562963695,
      0.07308393043333535,
      -0.0007953428952752708,
      0.001139709689988085,
      0.019321313598458123,
      -0.05864682263826619,
      -0.15000497695360776
    ],
    [
      -0.015980252961189524,
      0.024358776315428633,
      -0.1044712848805378,
      0.29279114513988447,
      -0.014228863872815026,
      -0.35304650160874484,
      0.41948199509686906,
      -0.048619729272003157,
      -0.013390004616662492,
      0.009318340923336544,
      0.012123030366328986,
      -4.4004967068066435e-05,
      -0.05511296659855677,
      -0.025298329316664443,
      0.050743114511326425,
      -0.07572959403989733
    ],
    [
      -0.037754494544403515,
      0.01347657564730976,
      0.1985136204576583,
      0.17308122978004878,
      0.032436570072843514,
      -0.3315407099818275,
      0.43252763347317197,
      -0.12205323729026,
      -0.006866319256241119,
      0.18445278678377458,
      0.06682701562917123,
      -0.0008475239162004859,
      -0.0929881113233,
      0.0009779632232188834,
      0.0550405170693949,
      0.01330329280007182
    ],
    [
      -0.04136337552499679,
      0.0254450292244745,
      0.061029923410021183,
      0.17915997395856129,
      -0.18530253774925512,
      -0.18743994130465105,
      0.11998224370989664,
      -0.1893654987166527,
      -0.0084912477481875,
      0.16318047837996472,
      0.14191377160155796,
      -0.0018065970742844194,
      -0.16578074934348208,
      0.016215805666771325,
      0.20626365423185838,
      -0.22547971263611083
    ],
    [
      -0.036838059159028075,
      -0.0009644249995619068,
      0.030017603171533267,
      0.21280278159803726,
      -0.2987096299382569,
      -0.37555606115171236,
      0.6176970562404674,
      0.0036287545503071116,
      0.03740861057887269,
      -0.02453561998576237,
      0.28518555720864147,
      0.0002049613336178884,
      -0.2455946722244757,
      -0.05624028050902155,
      0.08186748500498353,
      -0.11547568653624406
    ],
    [
      -0.0014569514722022553,
      0.021084727011686146,
      0.07385402110772017,
      0.33377882235798945,
      0.04590672310270434,
      -0.31977133446334893,
      0.4985907618285674,
      -0.08842435036603169,
      -0.018380878974596133,
      0.017539434725174403,
      0.005962726541177471,
      -0.0005043067630175057,
      -0.1023597778888595,
      -0.011247090479519207,
      0.04124568557694177,
      -0.019090649907411827
    ],
    [
      -0.0057627646254812285,
      0.0317951163508577,
      -0.32443928188073556,
      0.13195558000827126,
      -0.16144311551416024,
      -0.34047020959910124,
      0.3253109969646043,
      -0.059064131439072964,
      -0.009274507815531319,
      0.18715375637943252,
      0.043647039726741235,
      -0.00043001660535051865,
      -0.13318861778419683,
      -0.03831181123253511,
      0.016073208500985578,
      -0.17155308540805636
    ],
    [
      -0.01593911544416372,
      -0.015381319115720573,
      -0.12343469897176071,
      0.26386852099528435,
      -0.13927176522581558,
      -0.4692470949206114,
      0.30410050315993054,
      -0.056783247337429746,
      0.006365308708569935,
      0.129640703048021,
      0.5538084130539455,
      0.0001800433682009476,
      -0.039962881999570175,
      -0.030687089260543598,
      0.1043665796412051,
      -0.08358883902463035
    ],
    [
      0.015073215247507002,
      0.023957685508055188,
      -0.4119844015977532,
      0.31092568646747204,
      -0.07768046443980596,
      -0.3606734259150976,
      0.5157182969775727,
      -0.0726476419726091,
      -0.015284602995717442,
      0.0687950343465115,
      -0.024973318008826628,
      0.0013982724535601648,
      -0.08958743071210082,
      0.009043340639368888,
      -0.06914400900282154,
      0.04677396977408713
    ],
    [
      -0.0167375768684883,
      0.030210599055811038,
      -0.13498084721782988,
      0.20923649080237275,
      -0.11146490395349483,
      -0.14247051226946408,
      0.0627386791333672,
      -0.07704815431018491,
      -0.013800436413376018,
      0.08182793657837223,
      -0.01239483512174255,
      -0.00023387395402178486,
      -0.07696403716438888,
      -0.052460913976624404,
      -0.06813228243192429,
      -0.05743415340487239
    ],
    [
      -0.023174803875126836,
      0.02269757150666497,
      0.04319337649422239,
      0.3677413407404134,
      0.024948710205745996,
      -0.12315840158872629,
      0.33083236977337593,
      -0.07547541100189102,
      -0.0030343716453593503,
      0.08335277773638086,
      -0.026551096374576248,
      -6.639129297735441e-05,
      -0.24706030312218866,
      -0.02251517016420316,
      0.0378377251516976,
      -0.053685789030342955
    ],
    [
      0.02328829607469135,
      0.023250242657854192,
      -0.25071967879546375,
      0.28259175417565163,
      -0.005005926920829804,
      -0.26090860579060915,
      0.4132692017280285,
      -0.039385346995450495,
      -0.015764183738443904,
      0.068575511896566,
      0.01682675714580114,
      0.0005646501408508592,
      -0.2808670025135449,
      -0.017873790174664447,
      0.0005669185436063425,
      -0.03679263784316554
    ],
    [
      0.023109199895376912,
      0.028835814804562657,
      -0.3118709444112972,
      0.3766261179228737,
      0.04740422720921989,
      -0.36162601067341255,
      0.3569444313323912,
      0.00850690657556655,
      -0.02266508835416508,
      0.0003884450577752491,
      -0.04730024085279144,
      0.0006907187275892713,
      0.06526787902810999,
      -0.04430345174232923,
      0.03563099269653903,
      -0.05560497330735324
    ],
    [
      -0.012485431500600925,
      0.00021036983732848405,
      -0.18643307526370914,
      0.39472009329774743,
      -0.03350366838282214,
      -0.17778856372734347,
      0.2633473070778527,
      -0.0500575622303748,
      -0.005255981584448693,
      0.03657961799347675,
      0.3731035117798085,
      6.82261551194407e-05,
      -0.2850558249248585,
      -0.042390362968616,
      -0.07462295155426556,
      -0.07019043812214719
    ],
    [
      -0.04571745313737204,
      0.01403321250959888,
      0.06108506611252333,
      0.3662619894386296,
      -0.08076546516702197,
      -0.2255260749811031,
