{
  "feature_names": [
    "ester",
    "benzene_ring",
    "aldehyde",
    "alcohol",
    "isoprene",
    "ketone",
    "phenol_mild",
    "benzoate",
    "enone",
    "sulfur",
    "thiol",
    "primary_amine",
    "sulfoxide",
    "diazo",
    "nitro",
    "nitrile",
    "halogen",
    "logP",
    "MW",
    "TPSA",
    "aromatic_rings",
    "HBD",
    "HBA",
    "rotatable"
  ],
  "weights": [
    0.0,
    0.12811042699601707,
    -0.02880856629674157,
    0.47346553691215426,
    0.08829079462803358,
    0.2191625418000933,
    -0.02880856629674191,
    0.0,
    0.08829079462803346,
    0.0,
    0.0,
    0.0,
    0.0,
    0.0,
    0.0,
    0.0,
    0.0,
    0.3077946002695103,
    0.1921492982398886,
    0.19806597026980768,
    0.032027606749004754,
    0.15759613255120905,
    0.15814148878407602,
    0.19647781431062172
  ],
  "bias": 0.75525,
  "alpha": 1.0,
  "r2": -0.0986,
  "correlation": 0.0522,
  "mse": 0.0023,
  "n_samples": 300
}