{
  "n_evaluated": 241,
  "matched_dims": 17,
  "v4_top1": 72.61410788381743,
  "v5_top1": 67.21991701244814,
  "ens_top1": 74.68879668049793,
  "v4_cos": 0.653420448287765,
  "v5_cos": 0.6266865053743557,
  "ens_cos": 0.6592369203096357,
  "ens_cos_08": 29.045643153526974,
  "grade": "A"
}